Row ID,Order ID,Order Date,Ship Date,Ship Mode,Customer ID,Customer Name,Segment,Country,City,State,Postal Code,Region,Product ID,Category,Sub-Category,Product Name,Sales,Quantity,Discount,Profit
1,CA-2017-114412,4/15/2017,4/20/2017,Standard Class,AA-10480,Andrew Allen,Consumer,United States,Concord,North Carolina,28027,South,OFF-PA-10002365,Office Supplies,Paper,Xerox 1967,15.552,3,0.2,5.4432
2,US-2015-118983,11/22/2015,11/26/2015,Standard Class,HP-14815,Harold Pawlan,Home Office,United States,Fort Worth,Texas,76106,Central,OFF-AP-10001031,Office Supplies,Appliances,"Holmes Replacement Filter for HEPA Air Cleaner, Very Large Room, HEPA Filter",68.81,5,0.8,-123.858
3,US-2015-118983,11/22/2015,11/26/2015,Standard Class,HP-14815,Harold Pawlan,Home Office,United States,Fort Worth,Texas,76106,Central,OFF-BI-10000756,Office Supplies,Binders,Storex DuraTech Recycled Plastic Frosted Binders,2.544,3,0.8,-3.816
4,CA-2014-167164,5/13/2014,5/15/2014,Second Class,AG-10270,Alejandro Grove,Consumer,United States,West Jordan,Utah,84084,West,OFF-ST-10000107,Office Supplies,Storage,Fellowes Super Stor/Drawer,55.5,2,0,9.99
5,US-2017-156909,7/16/2017,7/18/2017,Second Class,SF-20065,Sandra Flanagan,Consumer,United States,Philadelphia,Pennsylvania,19140,East,FUR-CH-10002774,Furniture,Chairs,"Global Deluxe Stacking Chair, Gray",71.372,2,0.3,-1.0196
6,CA-2015-106320,9/25/2015,9/30/2015,Standard Class,EB-13870,Emily Burns,Consumer,United States,Orem,Utah,84057,West,FUR-TA-10000577,Furniture,Tables,Bretford CR4500 Series Slim Rectangular Table,1044.63,3,0,240.2649
7,CA-2016-121755,1/16/2016,1/20/2016,Second Class,EH-13945,Eric Hoffmann,Consumer,United States,Los Angeles,California,90049,West,OFF-BI-10001634,Office Supplies,Binders,Wilson Jones Active Use Binders,11.648,2,0.2,4.2101
8,CA-2016-121755,1/16/2016,1/20/2016,Second Class,EH-13945,Eric Hoffmann,Consumer,United States,Los Angeles,California,90049,West,TEC-AC-10003027,Technology,Accessories,Imation 8GB Mini TravelDrive USB 2.0 Flash Drive,90.57,3,0,11.7741
9,US-2015-150630,9/17/2015,9/21/2015,Standard Class,TB-21520,Tracy Blumstein,Consumer,United States,Philadelphia,Pennsylvania,19140,East,FUR-BO-10004834,Furniture,Bookcases,"Riverside Palais Royal Lawyers Bookcase, Royale Cherry Finish",3083.43,7,0.5,-1665.0522
10,US-2015-150630,9/17/2015,9/21/2015,Standard Class,TB-21520,Tracy Blumstein,Consumer,United States,Philadelphia,Pennsylvania,19140,East,OFF-BI-10000474,Office Supplies,Binders,Avery Recycled Flexi-View Covers for Binding Systems,9.618,2,0.7,-7.0532
11,US-2015-150630,9/17/2015,9/21/2015,Standard Class,TB-21520,Tracy Blumstein,Consumer,United States,Philadelphia,Pennsylvania,19140,East,FUR-FU-10004848,Furniture,Furnishings,"Howard Miller 13-3/4"" Diameter Brushed Chrome Round Wall Clock",124.2,3,0.2,15.525
12,US-2015-150630,9/17/2015,9/21/2015,Standard Class,TB-21520,Tracy Blumstein,Consumer,United States,Philadelphia,Pennsylvania,19140,East,OFF-EN-10001509,Office Supplies,Envelopes,Poly String Tie Envelopes,3.264,2,0.2,1.1016
13,US-2015-150630,9/17/2015,9/21/2015,Standard Class,TB-21520,Tracy Blumstein,Consumer,United States,Philadelphia,Pennsylvania,19140,East,OFF-AR-10004042,Office Supplies,Art,"BOSTON Model 1800 Electric Pencil Sharpeners, Putty/Woodgrain",86.304,6,0.2,9.7092
14,US-2015-150630,9/17/2015,9/21/2015,Standard Class,TB-21520,Tracy Blumstein,Consumer,United States,Philadelphia,Pennsylvania,19140,East,OFF-BI-10001525,Office Supplies,Binders,"Acco Pressboard Covers with Storage Hooks, 14 7/8"" x 11"", Executive Red",6.858,6,0.7,-5.715
15,US-2015-150630,9/17/2015,9/21/2015,Standard Class,TB-21520,Tracy Blumstein,Consumer,United States,Philadelphia,Pennsylvania,19140,East,OFF-AR-10001683,Office Supplies,Art,Lumber Crayons,15.76,2,0.2,3.546
16,CA-2017-107727,10/19/2017,10/23/2017,Second Class,MA-17560,Matt Abelman,Home Office,United States,Houston,Texas,77095,Central,OFF-PA-10000249,Office Supplies,Paper,Easy-staple paper,29.472,3,0.2,9.9468
17,CA-2015-117415,12/27/2015,12/31/2015,Standard Class,SN-20710,Steve Nguyen,Home Office,United States,Houston,Texas,77041,Central,OFF-EN-10002986,Office Supplies,Envelopes,"#10-4 1/8"" x 9 1/2"" Premium Diagonal Seam Envelopes",113.328,9,0.2,35.415
18,CA-2015-117415,12/27/2015,12/31/2015,Standard Class,SN-20710,Steve Nguyen,Home Office,United States,Houston,Texas,77041,Central,FUR-BO-10002545,Furniture,Bookcases,"Atlantic Metals Mobile 3-Shelf Bookcases, Custom Colors",532.3992,3,0.32,-46.9764
19,CA-2015-117415,12/27/2015,12/31/2015,Standard Class,SN-20710,Steve Nguyen,Home Office,United States,Houston,Texas,77041,Central,FUR-CH-10004218,Furniture,Chairs,"Global Fabric Manager's Chair, Dark Gray",212.058,3,0.3,-15.147
20,CA-2015-117415,12/27/2015,12/31/2015,Standard Class,SN-20710,Steve Nguyen,Home Office,United States,Houston,Texas,77041,Central,TEC-PH-10000486,Technology,Phones,Plantronics HL10 Handset Lifter,371.168,4,0.2,41.7564
21,CA-2016-101343,7/17/2016,7/22/2016,Standard Class,RA-19885,Ruben Ausman,Corporate,United States,Los Angeles,California,90049,West,OFF-ST-10003479,Office Supplies,Storage,"Eldon Base for stackable storage shelf, platinum",77.88,2,0,3.894
22,CA-2017-139619,9/19/2017,9/23/2017,Standard Class,ES-14080,Erin Smith,Corporate,United States,Melbourne,Florida,32935,South,OFF-ST-10003282,Office Supplies,Storage,"Advantus 10-Drawer Portable Organizer, Chrome Metal Frame, Smoke Drawers",95.616,2,0.2,9.5616
23,CA-2014-146703,10/20/2014,10/25/2014,Second Class,PO-18865,Patrick O'Donnell,Consumer,United States,Westland,Michigan,48185,Central,OFF-ST-10001713,Office Supplies,Storage,"Gould Plastics 9-Pocket Panel Bin, 18-3/8w x 5-1/4d x 20-1/2h, Black",211.96,4,0,8.4784
24,CA-2016-169194,6/20/2016,6/25/2016,Standard Class,LH-16900,Lena Hernandez,Consumer,United States,Dover,Delaware,19901,East,TEC-AC-10002167,Technology,Accessories,Imation 8gb Micro Traveldrive Usb 2.0 Flash Drive,45,3,0,4.95
25,CA-2016-169194,6/20/2016,6/25/2016,Standard Class,LH-16900,Lena Hernandez,Consumer,United States,Dover,Delaware,19901,East,TEC-PH-10003988,Technology,Phones,"LF Elite 3D Dazzle Designer Hard Case Cover, Lf Stylus Pen and Wiper For Apple Iphone 5c Mini Lite",21.8,2,0,6.104
26,CA-2015-115742,4/18/2015,4/22/2015,Standard Class,DP-13000,Darren Powers,Consumer,United States,New Albany,Indiana,47150,Central,OFF-BI-10004410,Office Supplies,Binders,"C-Line Peel & Stick Add-On Filing Pockets, 8-3/4 x 5-1/8, 10/Pack",38.22,6,0,17.9634
27,CA-2015-115742,4/18/2015,4/22/2015,Standard Class,DP-13000,Darren Powers,Consumer,United States,New Albany,Indiana,47150,Central,OFF-LA-10002762,Office Supplies,Labels,Avery 485,75.18,6,0,35.3346
28,CA-2015-115742,4/18/2015,4/22/2015,Standard Class,DP-13000,Darren Powers,Consumer,United States,New Albany,Indiana,47150,Central,FUR-FU-10001706,Furniture,Furnishings,Longer-Life Soft White Bulbs,6.16,2,0,2.9568
29,CA-2015-115742,4/18/2015,4/22/2015,Standard Class,DP-13000,Darren Powers,Consumer,United States,New Albany,Indiana,47150,Central,FUR-CH-10003061,Furniture,Chairs,"Global Leather Task Chair, Black",89.99,1,0,17.0981
30,CA-2016-111682,6/17/2016,6/18/2016,First Class,TB-21055,Ted Butterfield,Consumer,United States,Troy,New York,12180,East,OFF-ST-10000604,Office Supplies,Storage,Home/Office Personal File Carts,208.56,6,0,52.14
31,CA-2016-111682,6/17/2016,6/18/2016,First Class,TB-21055,Ted Butterfield,Consumer,United States,Troy,New York,12180,East,OFF-PA-10001569,Office Supplies,Paper,Xerox 232,32.4,5,0,15.552
32,CA-2016-111682,6/17/2016,6/18/2016,First Class,TB-21055,Ted Butterfield,Consumer,United States,Troy,New York,12180,East,FUR-CH-10003968,Furniture,Chairs,Novimex Turbo Task Chair,319.41,5,0.1,7.098
33,CA-2016-111682,6/17/2016,6/18/2016,First Class,TB-21055,Ted Butterfield,Consumer,United States,Troy,New York,12180,East,OFF-PA-10000587,Office Supplies,Paper,"Array Parchment Paper, Assorted Colors",14.56,2,0,6.9888
34,CA-2016-111682,6/17/2016,6/18/2016,First Class,TB-21055,Ted Butterfield,Consumer,United States,Troy,New York,12180,East,TEC-AC-10002167,Technology,Accessories,Imation 8gb Micro Traveldrive Usb 2.0 Flash Drive,30,2,0,3.3
35,CA-2016-111682,6/17/2016,6/18/2016,First Class,TB-21055,Ted Butterfield,Consumer,United States,Troy,New York,12180,East,OFF-BI-10001460,Office Supplies,Binders,Plastic Binding Combs,48.48,4,0.2,16.362
36,CA-2016-111682,6/17/2016,6/18/2016,First Class,TB-21055,Ted Butterfield,Consumer,United States,Troy,New York,12180,East,OFF-AR-10001868,Office Supplies,Art,Prang Dustless Chalk Sticks,1.68,1,0,0.84
37,CA-2015-135545,11/24/2015,11/30/2015,Standard Class,KM-16720,Kunst Miller,Consumer,United States,Los Angeles,California,90004,West,TEC-AC-10004633,Technology,Accessories,"Verbatim 25 GB 6x Blu-ray Single Layer Recordable Disc, 3/Pack",13.98,2,0,6.1512
38,CA-2015-135545,11/24/2015,11/30/2015,Standard Class,KM-16720,Kunst Miller,Consumer,United States,Los Angeles,California,90004,West,OFF-BI-10001078,Office Supplies,Binders,"Acco PRESSTEX Data Binder with Storage Hooks, Dark Blue, 14 7/8"" X 11""",25.824,6,0.2,9.3612
39,CA-2015-135545,11/24/2015,11/30/2015,Standard Class,KM-16720,Kunst Miller,Consumer,United States,Los Angeles,California,90004,West,OFF-PA-10003892,Office Supplies,Paper,Xerox 1943,146.73,3,0,68.9631
40,CA-2015-135545,11/24/2015,11/30/2015,Standard Class,KM-16720,Kunst Miller,Consumer,United States,Los Angeles,California,90004,West,FUR-FU-10000397,Furniture,Furnishings,Luxo Economy Swing Arm Lamp,79.76,4,0,22.3328
41,CA-2016-106075,9/18/2016,9/23/2016,Standard Class,HM-14980,Henry MacAllister,Consumer,United States,New York City,New York,10009,East,OFF-BI-10004654,Office Supplies,Binders,Avery Binding System Hidden Tab Executive Style Index Sets,4.616,1,0.2,1.731
42,CA-2017-114440,9/14/2017,9/17/2017,Second Class,TB-21520,Tracy Blumstein,Consumer,United States,Jackson,Michigan,49201,Central,OFF-PA-10004675,Office Supplies,Paper,"Telephone Message Books with Fax/Mobile Section, 5 1/2"" x 3 3/16""",19.05,3,0,8.763
43,US-2017-119662,11/13/2017,11/16/2017,First Class,CS-12400,Christopher Schild,Home Office,United States,Chicago,Illinois,60623,Central,OFF-ST-10003656,Office Supplies,Storage,Safco Industrial Wire Shelving,230.376,3,0.2,-48.9549
44,CA-2017-140088,5/28/2017,5/30/2017,Second Class,PO-18865,Patrick O'Donnell,Consumer,United States,Columbia,South Carolina,29203,South,FUR-CH-10000863,Furniture,Chairs,Novimex Swivel Fabric Task Chair,301.96,2,0,33.2156
45,CA-2016-109806,9/17/2016,9/22/2016,Standard Class,JS-15685,Jim Sink,Corporate,United States,Los Angeles,California,90036,West,OFF-AR-10004930,Office Supplies,Art,Turquoise Lead Holder with Pocket Clip,20.1,3,0,6.633
46,CA-2016-109806,9/17/2016,9/22/2016,Standard Class,JS-15685,Jim Sink,Corporate,United States,Los Angeles,California,90036,West,TEC-PH-10004093,Technology,Phones,Panasonic Kx-TS550,73.584,2,0.2,8.2782
47,CA-2016-109806,9/17/2016,9/22/2016,Standard Class,JS-15685,Jim Sink,Corporate,United States,Los Angeles,California,90036,West,OFF-PA-10000304,Office Supplies,Paper,Xerox 1995,6.48,1,0,3.1104
48,CA-2017-157833,6/17/2017,6/20/2017,First Class,KD-16345,Katherine Ducich,Consumer,United States,San Francisco,California,94122,West,OFF-BI-10001721,Office Supplies,Binders,Trimflex Flexible Post Binders,51.312,3,0.2,17.9592
49,US-2015-156867,11/13/2015,11/17/2015,Standard Class,LC-16870,Lena Cacioppo,Consumer,United States,Aurora,Colorado,80013,West,TEC-AC-10001552,Technology,Accessories,Logitech K350 2.4Ghz Wireless Keyboard,238.896,6,0.2,-26.8758
50,US-2015-156867,11/13/2015,11/17/2015,Standard Class,LC-16870,Lena Cacioppo,Consumer,United States,Aurora,Colorado,80013,West,FUR-FU-10004006,Furniture,Furnishings,"Deflect-o DuraMat Lighweight, Studded, Beveled Mat for Low Pile Carpeting",102.36,3,0.2,-3.8385
51,US-2015-156867,11/13/2015,11/17/2015,Standard Class,LC-16870,Lena Cacioppo,Consumer,United States,Aurora,Colorado,80013,West,OFF-BI-10002794,Office Supplies,Binders,"Avery Trapezoid Ring Binder, 3"" Capacity, Black, 1040 sheets",36.882,3,0.7,-25.8174
52,CA-2017-119004,11/23/2017,11/28/2017,Standard Class,JM-15250,Janet Martin,Consumer,United States,Charlotte,North Carolina,28205,South,TEC-AC-10003499,Technology,Accessories,Memorex Mini Travel Drive 8 GB USB 2.0 Flash Drive,74.112,8,0.2,17.6016
53,CA-2017-119004,11/23/2017,11/28/2017,Standard Class,JM-15250,Janet Martin,Consumer,United States,Charlotte,North Carolina,28205,South,TEC-PH-10002844,Technology,Phones,Speck Products Candyshell Flip Case,27.992,1,0.2,2.0994
54,CA-2017-119004,11/23/2017,11/28/2017,Standard Class,JM-15250,Janet Martin,Consumer,United States,Charlotte,North Carolina,28205,South,OFF-AR-10000390,Office Supplies,Art,Newell Chalk Holder,3.304,1,0.2,1.0738
55,CA-2015-129476,10/15/2015,10/20/2015,Standard Class,PA-19060,Pete Armstrong,Home Office,United States,Orland Park,Illinois,60462,Central,TEC-AC-10000844,Technology,Accessories,Logitech Gaming G510s - Keyboard,339.96,5,0.2,67.992
56,CA-2017-146780,12/25/2017,12/30/2017,Standard Class,CV-12805,Cynthia Voltz,Corporate,United States,New York City,New York,10035,East,FUR-FU-10001934,Furniture,Furnishings,Magnifier Swing Arm Lamp,41.96,2,0,10.9096
57,CA-2014-115259,8/25/2014,8/27/2014,Second Class,RC-19960,Ryan Crowe,Consumer,United States,Columbus,Ohio,43229,East,OFF-FA-10000621,Office Supplies,Fasteners,"OIC Colored Binder Clips, Assorted Sizes",40.096,14,0.2,14.5348
58,CA-2014-115259,8/25/2014,8/27/2014,Second Class,RC-19960,Ryan Crowe,Consumer,United States,Columbus,Ohio,43229,East,OFF-EN-10002600,Office Supplies,Envelopes,"Redi-Strip #10 Envelopes, 4 1/8 x 9 1/2",4.72,2,0.2,1.652
59,CA-2014-115259,8/25/2014,8/27/2014,Second Class,RC-19960,Ryan Crowe,Consumer,United States,Columbus,Ohio,43229,East,OFF-PA-10004965,Office Supplies,Paper,Xerox 1921,23.976,3,0.2,7.4925
60,CA-2014-115259,8/25/2014,8/27/2014,Second Class,RC-19960,Ryan Crowe,Consumer,United States,Columbus,Ohio,43229,East,OFF-EN-10002504,Office Supplies,Envelopes,"Tyvek  Top-Opening Peel & Seel Envelopes, Plain White",130.464,6,0.2,44.0316
61,US-2014-152030,12/26/2014,12/28/2014,Second Class,AD-10180,Alan Dominguez,Home Office,United States,Houston,Texas,77041,Central,FUR-CH-10004063,Furniture,Chairs,Global Deluxe High-Back Manager's Chair,600.558,3,0.3,-8.5794
62,US-2014-134614,9/20/2014,9/25/2014,Standard Class,PF-19165,Philip Fox,Consumer,United States,Bloomington,Illinois,61701,Central,FUR-TA-10004534,Furniture,Tables,Bevis 44 x 96 Conference Tables,617.7,6,0.5,-407.682
63,CA-2016-145583,10/13/2016,10/19/2016,Standard Class,LC-16885,Lena Creighton,Consumer,United States,Roseville,California,95661,West,OFF-PA-10001804,Office Supplies,Paper,Xerox 195,20.04,3,0,9.6192
64,CA-2016-145583,10/13/2016,10/19/2016,Standard Class,LC-16885,Lena Creighton,Consumer,United States,Roseville,California,95661,West,OFF-PA-10001736,Office Supplies,Paper,Xerox 1880,35.44,1,0,16.6568
65,CA-2016-145583,10/13/2016,10/19/2016,Standard Class,LC-16885,Lena Creighton,Consumer,United States,Roseville,California,95661,West,OFF-AR-10001149,Office Supplies,Art,"Sanford Colorific Colored Pencils, 12/Box",11.52,4,0,3.456
66,CA-2016-145583,10/13/2016,10/19/2016,Standard Class,LC-16885,Lena Creighton,Consumer,United States,Roseville,California,95661,West,OFF-FA-10002988,Office Supplies,Fasteners,Ideal Clamps,4.02,2,0,1.9698
67,CA-2016-145583,10/13/2016,10/19/2016,Standard Class,LC-16885,Lena Creighton,Consumer,United States,Roseville,California,95661,West,OFF-BI-10004781,Office Supplies,Binders,GBC Wire Binding Strips,76.176,3,0.2,26.6616
68,CA-2016-145583,10/13/2016,10/19/2016,Standard Class,LC-16885,Lena Creighton,Consumer,United States,Roseville,California,95661,West,OFF-SU-10001218,Office Supplies,Supplies,Fiskars Softgrip Scissors,65.88,6,0,18.4464
69,CA-2016-145583,10/13/2016,10/19/2016,Standard Class,LC-16885,Lena Creighton,Consumer,United States,Roseville,California,95661,West,FUR-FU-10001706,Furniture,Furnishings,Longer-Life Soft White Bulbs,43.12,14,0,20.6976
70,CA-2017-106180,9/18/2017,9/23/2017,Standard Class,SH-19975,Sally Hughsby,Corporate,United States,San Francisco,California,94122,West,OFF-AR-10000940,Office Supplies,Art,Newell 343,8.82,3,0,2.3814
71,CA-2017-106180,9/18/2017,9/23/2017,Standard Class,SH-19975,Sally Hughsby,Corporate,United States,San Francisco,California,94122,West,OFF-EN-10004030,Office Supplies,Envelopes,Convenience Packs of Business Envelopes,10.86,3,0,5.1042
72,CA-2017-106180,9/18/2017,9/23/2017,Standard Class,SH-19975,Sally Hughsby,Corporate,United States,San Francisco,California,94122,West,OFF-PA-10004327,Office Supplies,Paper,Xerox 1911,143.7,3,0,68.976
73,CA-2017-155376,12/22/2017,12/27/2017,Standard Class,SG-20080,Sandra Glassco,Consumer,United States,Independence,Missouri,64055,Central,OFF-AP-10001058,Office Supplies,Appliances,Sanyo 2.5 Cubic Foot Mid-Size Office Refrigerators,839.43,3,0,218.2518
74,CA-2014-110072,10/22/2014,10/28/2014,Standard Class,MG-17680,Maureen Gastineau,Home Office,United States,Newark,Ohio,43055,East,FUR-FU-10000521,Furniture,Furnishings,"Seth Thomas 14"" Putty-Colored Wall Clock",93.888,4,0.2,12.9096
75,CA-2016-158834,3/13/2016,3/16/2016,First Class,TW-21025,Tamara Willingham,Home Office,United States,Scottsdale,Arizona,85254,West,OFF-AP-10000326,Office Supplies,Appliances,Belkin 7 Outlet SurgeMaster Surge Protector with Phone Protection,157.92,5,0.2,17.766
76,CA-2016-158834,3/13/2016,3/16/2016,First Class,TW-21025,Tamara Willingham,Home Office,United States,Scottsdale,Arizona,85254,West,TEC-PH-10001254,Technology,Phones,Jabra BIZ 2300 Duo QD Duo Corded Headset,203.184,2,0.2,15.2388
77,CA-2016-114104,11/20/2016,11/24/2016,Standard Class,NP-18670,Nora Paige,Consumer,United States,Edmond,Oklahoma,73034,Central,OFF-LA-10002475,Office Supplies,Labels,Avery 519,14.62,2,0,6.8714
78,CA-2016-114104,11/20/2016,11/24/2016,Standard Class,NP-18670,Nora Paige,Consumer,United States,Edmond,Oklahoma,73034,Central,TEC-PH-10004536,Technology,Phones,Avaya 5420 Digital phone,944.93,7,0,236.2325
79,CA-2015-119697,12/28/2015,12/31/2015,Second Class,EM-13960,Eric Murdock,Consumer,United States,Philadelphia,Pennsylvania,19134,East,TEC-AC-10003657,Technology,Accessories,Lenovo 17-Key USB Numeric Keypad,54.384,2,0.2,1.3596
80,CA-2016-154508,11/16/2016,11/20/2016,Standard Class,RD-19900,Ruben Dartt,Consumer,United States,Carlsbad,New Mexico,88220,West,OFF-EN-10001990,Office Supplies,Envelopes,Staple envelope,28.4,5,0,13.348
81,US-2014-100853,9/14/2014,9/19/2014,Standard Class,JB-15400,Jennifer Braxton,Corporate,United States,Chicago,Illinois,60623,Central,OFF-AP-10000891,Office Supplies,Appliances,Kensington 7 Outlet MasterPiece HOMEOFFICE Power Control Center,52.448,2,0.8,-131.12
82,US-2014-100853,9/14/2014,9/19/2014,Standard Class,JB-15400,Jennifer Braxton,Corporate,United States,Chicago,Illinois,60623,Central,OFF-LA-10003148,Office Supplies,Labels,Avery 51,20.16,4,0.2,6.552
83,US-2017-152366,4/21/2017,4/25/2017,Second Class,SJ-20500,Shirley Jackson,Consumer,United States,Houston,Texas,77036,Central,OFF-AP-10002684,Office Supplies,Appliances,"Acco 7-Outlet Masterpiece Power Center, Wihtout Fax/Phone Line Protection",97.264,4,0.8,-243.16
84,US-2015-101511,11/21/2015,11/23/2015,Second Class,JE-15745,Joel Eaton,Consumer,United States,Newark,Ohio,43055,East,FUR-CH-10004698,Furniture,Chairs,"Padded Folding Chairs, Black, 4/Carton",396.802,7,0.3,-11.3372
85,US-2015-101511,11/21/2015,11/23/2015,Second Class,JE-15745,Joel Eaton,Consumer,United States,Newark,Ohio,43055,East,OFF-SU-10002189,Office Supplies,Supplies,Acme Rosewood Handle Letter Opener,15.88,5,0.2,-3.7715
86,CA-2015-137102,12/15/2015,12/19/2015,Standard Class,JK-15640,Jim Kriz,Home Office,United States,New York City,New York,10009,East,OFF-AR-10001940,Office Supplies,Art,"Sanford Colorific Eraseable Coloring Pencils, 12 Count",3.28,1,0,1.4104
87,CA-2014-158274,11/19/2014,11/24/2014,Second Class,RM-19675,Robert Marley,Home Office,United States,Monroe,Louisiana,71203,South,TEC-PH-10003273,Technology,Phones,AT&T TR1909W,503.96,4,0,131.0296
88,CA-2014-158274,11/19/2014,11/24/2014,Second Class,RM-19675,Robert Marley,Home Office,United States,Monroe,Louisiana,71203,South,TEC-PH-10004896,Technology,Phones,Nokia Lumia 521 (T-Mobile),149.95,5,0,41.986
89,CA-2014-158274,11/19/2014,11/24/2014,Second Class,RM-19675,Robert Marley,Home Office,United States,Monroe,Louisiana,71203,South,TEC-AC-10002345,Technology,Accessories,HP Standard 104 key PS/2 Keyboard,29,2,0,7.25
90,CA-2014-123260,8/26/2014,8/30/2014,Standard Class,FM-14290,Frank Merwin,Home Office,United States,Los Angeles,California,90032,West,TEC-AC-10002323,Technology,Accessories,SanDisk Ultra 32 GB MicroSDHC Class 10 Memory Card,176.8,8,0,22.984
91,CA-2016-157000,7/16/2016,7/22/2016,Standard Class,AM-10360,Alice McCarthy,Corporate,United States,Grand Prairie,Texas,75051,Central,OFF-ST-10001328,Office Supplies,Storage,"Personal Filing Tote with Lid, Black/Gray",37.101,3,0.2,3.7101
92,CA-2016-157000,7/16/2016,7/22/2016,Standard Class,AM-10360,Alice McCarthy,Corporate,United States,Grand Prairie,Texas,75051,Central,OFF-PA-10001950,Office Supplies,Paper,Southworth 25% Cotton Antique Laid Paper & Envelopes,20.016,3,0.2,6.255
93,CA-2014-140004,3/21/2014,3/25/2014,Standard Class,CB-12025,Cassandra Brandow,Consumer,United States,Hamilton,Ohio,45011,East,OFF-AR-10004685,Office Supplies,Art,"Binney & Smith Crayola Metallic Colored Pencils, 8-Color Set",7.408,2,0.2,1.2038
94,CA-2014-140004,3/21/2014,3/25/2014,Standard Class,CB-12025,Cassandra Brandow,Consumer,United States,Hamilton,Ohio,45011,East,OFF-AR-10004027,Office Supplies,Art,"Binney & Smith inkTank Erasable Desk Highlighter, Chisel Tip, Yellow, 12/Box",6.048,3,0.2,1.5876
95,CA-2017-105074,6/24/2017,6/29/2017,Standard Class,MB-17305,Maria Bertelson,Consumer,United States,Akron,Ohio,44312,East,OFF-PA-10002666,Office Supplies,Paper,Southworth 25% Cotton Linen-Finish Paper & Envelopes,21.744,3,0.2,6.795
96,US-2017-116701,12/17/2017,12/21/2017,Second Class,LC-17140,Logan Currie,Consumer,United States,Dallas,Texas,75220,Central,OFF-AP-10003217,Office Supplies,Appliances,Eureka Sanitaire  Commercial Upright,66.284,2,0.8,-178.9668
97,CA-2015-169397,12/24/2015,12/27/2015,First Class,JB-15925,Joni Blumstein,Consumer,United States,Dublin,Ohio,43017,East,OFF-FA-10000585,Office Supplies,Fasteners,OIC Bulk Pack Metal Binder Clips,5.584,2,0.2,1.8148
98,CA-2015-169397,12/24/2015,12/27/2015,First Class,JB-15925,Joni Blumstein,Consumer,United States,Dublin,Ohio,43017,East,OFF-PA-10004000,Office Supplies,Paper,"While You Were Out Pads, 50 per Pad, 4 x 5 1/4, Green Cycle",22.704,6,0.2,8.2302
99,CA-2015-169397,12/24/2015,12/27/2015,First Class,JB-15925,Joni Blumstein,Consumer,United States,Dublin,Ohio,43017,East,OFF-BI-10002852,Office Supplies,Binders,Ibico Standard Transparent Covers,19.776,4,0.7,-13.8432
100,CA-2015-169397,12/24/2015,12/27/2015,First Class,JB-15925,Joni Blumstein,Consumer,United States,Dublin,Ohio,43017,East,FUR-FU-10000087,Furniture,Furnishings,"Executive Impressions 14"" Two-Color Numerals Wall Clock",72.704,4,0.2,19.0848
101,CA-2015-169397,12/24/2015,12/27/2015,First Class,JB-15925,Joni Blumstein,Consumer,United States,Dublin,Ohio,43017,East,TEC-MA-10001148,Technology,Machines,Swingline SM12-08 MicroCut Jam Free Shredder,479.988,4,0.7,-383.9904
102,CA-2015-169397,12/24/2015,12/27/2015,First Class,JB-15925,Joni Blumstein,Consumer,United States,Dublin,Ohio,43017,East,OFF-AR-10001958,Office Supplies,Art,Stanley Bostitch Contemporary Electric Pencil Sharpeners,27.168,2,0.2,2.7168
103,US-2014-156216,9/13/2014,9/17/2014,Standard Class,EA-14035,Erin Ashbrook,Corporate,United States,Charlotte,North Carolina,28205,South,OFF-BI-10001679,Office Supplies,Binders,GBC Instant Index System for Binding Systems,18.648,7,0.7,-12.432
104,US-2014-106992,9/19/2014,9/21/2014,Second Class,SB-20290,Sean Braxton,Corporate,United States,Houston,Texas,77036,Central,TEC-MA-10000822,Technology,Machines,Lexmark MX611dhe Monochrome Laser Printer,3059.982,3,0.4,-509.997
105,US-2014-106992,9/19/2014,9/21/2014,Second Class,SB-20290,Sean Braxton,Corporate,United States,Houston,Texas,77036,Central,TEC-MA-10003353,Technology,Machines,Xerox WorkCentre 6505DN Laser Multifunction Printer,2519.958,7,0.4,-251.9958
106,CA-2017-136826,6/16/2017,6/20/2017,Standard Class,CB-12535,Claudia Bergmann,Corporate,United States,Chapel Hill,North Carolina,27514,South,OFF-AR-10003602,Office Supplies,Art,"Quartet Omega Colored Chalk, 12/Pack",14.016,3,0.2,4.7304
107,CA-2016-111010,1/22/2016,1/28/2016,Standard Class,PG-18895,Paul Gonzalez,Consumer,United States,Morristown,New Jersey,7960,East,OFF-FA-10003472,Office Supplies,Fasteners,Bagged Rubber Bands,7.56,6,0,0.3024
108,CA-2015-155334,7/30/2015,7/31/2015,First Class,HA-14920,Helen Andreada,Consumer,United States,San Francisco,California,94109,West,TEC-AC-10003628,Technology,Accessories,Logitech 910-002974 M325 Wireless Mouse for Web Scrolling,209.93,7,0,92.3692
109,CA-2015-155334,7/30/2015,7/31/2015,First Class,HA-14920,Helen Andreada,Consumer,United States,San Francisco,California,94109,West,FUR-FU-10003274,Furniture,Furnishings,Regeneration Desk Collection,5.28,3,0,2.3232
110,CA-2015-155334,7/30/2015,7/31/2015,First Class,HA-14920,Helen Andreada,Consumer,United States,San Francisco,California,94109,West,OFF-BI-10002557,Office Supplies,Binders,Presstex Flexible Ring Binders,10.92,3,0.2,4.095
111,CA-2017-118136,9/16/2017,9/17/2017,First Class,BB-10990,Barry Blumstein,Corporate,United States,Inglewood,California,90301,West,OFF-PA-10002615,Office Supplies,Paper,"Ampad Gold Fibre Wirebound Steno Books, 6"" x 9"", Gregg Ruled",8.82,2,0,4.0572
112,CA-2017-118136,9/16/2017,9/17/2017,First Class,BB-10990,Barry Blumstein,Corporate,United States,Inglewood,California,90301,West,OFF-AR-10001427,Office Supplies,Art,Newell 330,5.98,1,0,1.5548
113,CA-2017-132976,10/13/2017,10/17/2017,Standard Class,AG-10495,Andrew Gjertsen,Corporate,United States,Philadelphia,Pennsylvania,19140,East,OFF-PA-10000673,Office Supplies,Paper,"Post-it “Important Message” Note Pad, Neon Colors, 50 Sheets/Pad",11.648,2,0.2,4.0768
114,CA-2017-132976,10/13/2017,10/17/2017,Standard Class,AG-10495,Andrew Gjertsen,Corporate,United States,Philadelphia,Pennsylvania,19140,East,OFF-PA-10004470,Office Supplies,Paper,"Adams Write n' Stick Phone Message Book, 11"" X 5 1/4"", 200 Messages",18.176,4,0.2,5.9072
115,CA-2017-132976,10/13/2017,10/17/2017,Standard Class,AG-10495,Andrew Gjertsen,Corporate,United States,Philadelphia,Pennsylvania,19140,East,OFF-ST-10000876,Office Supplies,Storage,Eldon Simplefile Box Office,59.712,6,0.2,5.9712
116,CA-2017-132976,10/13/2017,10/17/2017,Standard Class,AG-10495,Andrew Gjertsen,Corporate,United States,Philadelphia,Pennsylvania,19140,East,OFF-LA-10002043,Office Supplies,Labels,Avery 489,24.84,3,0.2,8.694
117,US-2015-161991,9/26/2015,9/28/2015,Second Class,SC-20725,Steven Cartwright,Consumer,United States,Houston,Texas,77070,Central,OFF-BI-10004967,Office Supplies,Binders,Round Ring Binders,2.08,5,0.8,-3.432
118,US-2015-161991,9/26/2015,9/28/2015,Second Class,SC-20725,Steven Cartwright,Consumer,United States,Houston,Texas,77070,Central,TEC-PH-10001760,Technology,Phones,Bose SoundLink Bluetooth Speaker,1114.4,7,0.2,376.11
119,CA-2016-112697,12/18/2016,12/20/2016,Second Class,AH-10195,Alan Haines,Corporate,United States,Tamarac,Florida,33319,South,OFF-BI-10000778,Office Supplies,Binders,GBC VeloBinder Electric Binding Machine,254.058,7,0.7,-169.372
120,CA-2016-112697,12/18/2016,12/20/2016,Second Class,AH-10195,Alan Haines,Corporate,United States,Tamarac,Florida,33319,South,OFF-AP-10002684,Office Supplies,Appliances,"Acco 7-Outlet Masterpiece Power Center, Wihtout Fax/Phone Line Protection",194.528,2,0.2,24.316
121,CA-2016-112697,12/18/2016,12/20/2016,Second Class,AH-10195,Alan Haines,Corporate,United States,Tamarac,Florida,33319,South,OFF-SU-10000646,Office Supplies,Supplies,Premier Automatic Letter Opener,961.48,5,0.2,-204.3145
122,CA-2016-110772,11/20/2016,11/24/2016,Second Class,NZ-18565,Nick Zandusky,Home Office,United States,Columbus,Ohio,43229,East,OFF-FA-10002983,Office Supplies,Fasteners,Advantus SlideClip Paper Clips,19.096,7,0.2,6.6836
123,CA-2016-110772,11/20/2016,11/24/2016,Second Class,NZ-18565,Nick Zandusky,Home Office,United States,Columbus,Ohio,43229,East,OFF-LA-10004689,Office Supplies,Labels,Avery 512,18.496,8,0.2,6.2424
124,CA-2016-110772,11/20/2016,11/24/2016,Second Class,NZ-18565,Nick Zandusky,Home Office,United States,Columbus,Ohio,43229,East,TEC-AC-10002001,Technology,Accessories,Logitech Wireless Gaming Headset G930,255.984,2,0.2,54.3966
125,CA-2016-110772,11/20/2016,11/24/2016,Second Class,NZ-18565,Nick Zandusky,Home Office,United States,Columbus,Ohio,43229,East,FUR-BO-10004709,Furniture,Bookcases,"Bush Westfield Collection Bookcases, Medium Cherry Finish",86.97,3,0.5,-48.7032
126,CA-2014-111451,12/26/2014,12/28/2014,First Class,KL-16555,Kelly Lampkin,Corporate,United States,Colorado Springs,Colorado,80906,West,FUR-FU-10004091,Furniture,Furnishings,"Howard Miller 13"" Diameter Goldtone Round Wall Clock",300.416,8,0.2,78.8592
127,CA-2014-111451,12/26/2014,12/28/2014,First Class,KL-16555,Kelly Lampkin,Corporate,United States,Colorado Springs,Colorado,80906,West,FUR-CH-10001891,Furniture,Chairs,Global Deluxe Office Fabric Chairs,230.352,3,0.2,20.1558
128,CA-2014-111451,12/26/2014,12/28/2014,First Class,KL-16555,Kelly Lampkin,Corporate,United States,Colorado Springs,Colorado,80906,West,FUR-FU-10002918,Furniture,Furnishings,Eldon ClusterMat Chair Mat with Cordless Antistatic Protection,218.352,3,0.2,-24.5646
129,CA-2014-111451,12/26/2014,12/28/2014,First Class,KL-16555,Kelly Lampkin,Corporate,United States,Colorado Springs,Colorado,80906,West,OFF-BI-10004593,Office Supplies,Binders,Ibico Laser Imprintable Binding System Covers,78.6,5,0.7,-62.88
130,CA-2014-111451,12/26/2014,12/28/2014,First Class,KL-16555,Kelly Lampkin,Corporate,United States,Colorado Springs,Colorado,80906,West,OFF-FA-10004854,Office Supplies,Fasteners,"Vinyl Coated Wire Paper Clips in Organizer Box, 800/Box",27.552,3,0.2,9.2988
141,US-2017-152380,11/19/2017,11/23/2017,Standard Class,JH-15910,Jonathan Howell,Consumer,United States,Chicago,Illinois,60623,Central,FUR-TA-10002533,Furniture,Tables,BPI Conference Tables,219.075,3,0.5,-131.445
132,CA-2017-126774,4/15/2017,4/17/2017,First Class,SH-20395,Shahid Hopkins,Consumer,United States,Arlington,Virginia,22204,South,OFF-AR-10002804,Office Supplies,Art,Faber Castell Col-Erase Pencils,4.89,1,0,2.0049
133,CA-2014-164259,12/28/2014,12/30/2014,First Class,SP-20860,Sung Pak,Corporate,United States,Philadelphia,Pennsylvania,19143,East,OFF-AR-10003373,Office Supplies,Art,"Boston School Pro Electric Pencil Sharpener, 1670",99.136,4,0.2,8.6744
134,CA-2014-156601,9/19/2014,9/24/2014,Standard Class,FA-14230,Frank Atkinson,Corporate,United States,Long Beach,California,90805,West,OFF-FA-10000624,Office Supplies,Fasteners,OIC Binder Clips,7.16,2,0,3.58
135,CA-2016-162138,4/23/2016,4/27/2016,Standard Class,GK-14620,Grace Kelly,Corporate,United States,Hesperia,California,92345,West,OFF-BI-10004593,Office Supplies,Binders,Ibico Laser Imprintable Binding System Covers,251.52,6,0.2,81.744
136,CA-2016-162138,4/23/2016,4/27/2016,Standard Class,GK-14620,Grace Kelly,Corporate,United States,Hesperia,California,92345,West,TEC-AC-10001908,Technology,Accessories,Logitech Wireless Headset h800,99.99,1,0,34.9965
137,US-2016-150147,4/25/2016,4/29/2016,Second Class,JL-15850,John Lucas,Consumer,United States,Philadelphia,Pennsylvania,19134,East,TEC-PH-10004614,Technology,Phones,AT&T 841000 Phone,82.8,2,0.4,-20.7
138,US-2016-150147,4/25/2016,4/29/2016,Second Class,JL-15850,John Lucas,Consumer,United States,Philadelphia,Pennsylvania,19134,East,OFF-BI-10001153,Office Supplies,Binders,Ibico Recycled Grain-Textured Covers,20.724,2,0.7,-13.816
139,US-2016-150147,4/25/2016,4/29/2016,Second Class,JL-15850,John Lucas,Consumer,United States,Philadelphia,Pennsylvania,19134,East,OFF-BI-10001982,Office Supplies,Binders,Wilson Jones Custom Binder Spines & Labels,4.896,3,0.7,-3.4272
140,CA-2015-128167,6/22/2015,6/26/2015,Second Class,KL-16645,Ken Lonsdale,Consumer,United States,Layton,Utah,84041,West,OFF-FA-10000490,Office Supplies,Fasteners,"OIC Binder Clips, Mini, 1/4"" Capacity, Black",4.96,4,0,2.3312
141,CA-2014-122336,4/13/2014,4/17/2014,Second Class,JD-15895,Jonathan Doherty,Corporate,United States,Philadelphia,Pennsylvania,19140,East,OFF-AR-10000122,Office Supplies,Art,Newell 314,17.856,4,0.2,1.116
142,CA-2014-122336,4/13/2014,4/17/2014,Second Class,JD-15895,Jonathan Doherty,Corporate,United States,Philadelphia,Pennsylvania,19140,East,OFF-BI-10003656,Office Supplies,Binders,Fellowes PB200 Plastic Comb Binding Machine,509.97,10,0.7,-407.976
143,CA-2014-122336,4/13/2014,4/17/2014,Second Class,JD-15895,Jonathan Doherty,Corporate,United States,Philadelphia,Pennsylvania,19140,East,OFF-FA-10002780,Office Supplies,Fasteners,Staples,30.992,13,0.2,10.0724
144,CA-2014-122336,4/13/2014,4/17/2014,Second Class,JD-15895,Jonathan Doherty,Corporate,United States,Philadelphia,Pennsylvania,19140,East,TEC-PH-10000702,Technology,Phones,"Square Credit Card Reader, 4 1/2"" x 4 1/2"" x 1"", White",71.928,12,0.4,8.3916
145,US-2015-120712,12/20/2015,12/24/2015,Standard Class,CS-12130,Chad Sievert,Consumer,United States,Austin,Texas,78745,Central,OFF-ST-10000107,Office Supplies,Storage,Fellowes Super Stor/Drawer,88.8,4,0.2,-2.22
146,CA-2017-169901,6/15/2017,6/19/2017,Standard Class,CC-12550,Clay Cheatham,Consumer,United States,San Francisco,California,94122,West,TEC-PH-10002293,Technology,Phones,Anker 36W 4-Port USB Wall Charger Travel Power Adapter for iPhone 5s 5c 5,47.976,3,0.2,4.7976
147,CA-2016-130001,4/23/2016,4/28/2016,Standard Class,HK-14890,Heather Kirkland,Corporate,United States,Charlotte,North Carolina,28205,South,OFF-PA-10002666,Office Supplies,Paper,Southworth 25% Cotton Linen-Finish Paper & Envelopes,36.24,5,0.2,11.325
148,CA-2014-123344,9/24/2014,9/29/2014,Standard Class,JD-16060,Julia Dunbar,Consumer,United States,San Francisco,California,94109,West,OFF-ST-10001713,Office Supplies,Storage,"Gould Plastics 9-Pocket Panel Bin, 18-3/8w x 5-1/4d x 20-1/2h, Black",211.96,4,0,8.4784
149,CA-2016-155516,10/21/2016,10/21/2016,Same Day,MK-17905,Michael Kennedy,Corporate,United States,Manchester,Connecticut,6040,East,OFF-BI-10002412,Office Supplies,Binders,Wilson Jones “Snap” Scratch Pad Binder Tool for Ring Binders,23.2,4,0,10.44
150,CA-2016-155516,10/21/2016,10/21/2016,Same Day,MK-17905,Michael Kennedy,Corporate,United States,Manchester,Connecticut,6040,East,OFF-SU-10001102,Office Supplies,Supplies,Staple remover,7.36,2,0,0.1472
